Workbook

Sheet Cover_Sheet
A1: Section | B1: Description
A2: Objective | B2: To estimate LLM token utilization and cost for 1,000 AMS tickets across multiple agent interactions using Gemini 2.5 Pro model.
A3: Calculation Approach | B3: 1. Calculate Input Tokens from word count using Token-Word Ratio and Prompt Overhead. 2. Add Historical Resolution and Knowledge Article tokens for full context. 3. Compute total input tokens per 1,000 tickets. 4. Apply Gemini 2.5 Pro pricing: $1.25/Million for input, $10/Million for output. 5. Assume output token based on input token in different agents
A4: Key Definitions | B4: Token-Word Ratio: Conversion factor from words to tokens (default = 1.5). Prompt Overhead: Additional system and instruction tokens (default = 1.3). Historical Resolution: Past incident text added to context. Knowledge Article Tokens: Tokens from top-N referenced KB articles.
A5: Model Reference | B5: Gemini 2.5 Pro — Input: $1.25/M, Output: $10/M (≤200K context window).
A6: Output Summary | B6: Per 1,000 Tickets: - Input Tokens ≈124,64304 output Token: 162,21618 - Cost ≈ $150.25 - $225.38

Sheet Calculation Detail
A1: Estimation for LLM cost /1000 ticket
A2: Ticket Type | B2: proportion | C2: Average Word count Per ticket | D2: log volume | E2: Input Token Per 1000 ticket | F2: Log token | G2: historical resolution volume in word | H2: Historical resolution Token | I2: KA | J2: KA Token
A3: System Ticket | B3: 0.3 | C3: 236 | D3: 1000 | E3: =B3*C3*Configuration!$B$1*Configuration!$B$2 -> 106200 | F3: =B3*D3*Configuration!$B$1*Configuration!$B$2 -> 450000 | G3: 450 | H3: =$B3*G3*Configuration!$B$1*Configuration!$B$2 -> 202500 | I3: 650 | J3: =$B3*I3*Configuration!$B$1*Configuration!$B$2 -> 292500
A4: User Ticket | B4: 0.5 | C4: 378 | D4: 1200 | E4: =B4*C4*Configuration!$B$1*Configuration!$B$2 -> 283500 | F4: =B4*D4*Configuration!$B$1*Configuration!$B$2 -> 900000 | G4: 550 | H4: =$B4*G4*Configuration!$B$1*Configuration!$B$2 -> 412500 | I4: 850 | J4: =$B4*I4*Configuration!$B$1*Configuration!$B$2 -> 637500
A5: User Request | B5: 0.2 | C5: 316 | D5: 700 | E5: =B5*C5*Configuration!$B$1*Configuration!$B$2 -> 94800 | F5: =B5*D5*Configuration!$B$1*Configuration!$B$2 -> 210000 | G5: 250 | H5: =$B5*G5*Configuration!$B$1*Configuration!$B$2 -> 75000 | I5: 900 | J5: =$B5*I5*Configuration!$B$1*Configuration!$B$2 -> 270000
E6: =SUM(E3:E5) -> 484500 | F6: =SUM(F3:F5) -> 1560000 | H6: =SUM(H3:H5) -> 690000 | J6: =SUM(J3:J5) -> 1200000
A7: Agent | B7: input token out put token rato | C7: Input Token | D7: Output token | E7: Gemini 2.5 Pro | F7: Gemini 2.5 Flash | G7: Gemini 2.5 Flash-Lite | H7: Gemini 1.5 Pro | I7: Reasoning Requirement
A8: Incident categorization | B8: 0.2 | C8: =E6 -> 484500 | D8: =C8*B8 -> 96900 | E8: =$C8*Configuration!$B$6*Configuration!$B$4+$D8*Configuration!$B$7 -> 1.7563125 | F8: =$C8*Configuration!$C$6*Configuration!$B$4+$D8*Configuration!$C$7 -> 0.431205 | G8: =$C8*Configuration!$D$6*Configuration!$B$4+$D8*Configuration!$D$7 -> 0.101745 | H8: =$C8*Configuration!$E$6*Configuration!$B$4+$D8*Configuration!$E$7 -> 1.2718125 | I8: High
A9: Data Quality Check | B9: 1 | C9: =E6 -> 484500 | D9: =C9*B9 -> 484500 | E9: =$C9*Configuration!$B$6*Configuration!$B$4+$D9*Configuration!$B$7 -> 5.6323125 | F9: =$C9*Configuration!$C$6*Configuration!$B$4+$D9*Configuration!$C$7 -> 1.400205 | G9: =$C9*Configuration!$D$6*Configuration!$B$4+$D9*Configuration!$D$7 -> 0.256785 | H9: =$C9*Configuration!$E$6*Configuration!$B$4+$D9*Configuration!$E$7 -> 3.2098125 | I9: Medium
A10: Severity check | B10: 0.2 | C10: =E6+D8 -> 581400 | D10: =C10*B10 -> 116280 | E10: =C10*Configuration!$B$6+D10*Configuration!$B$7 -> 1.88955 | F10: =$C10*Configuration!$C$6*Configuration!$B$4+$D10*Configuration!$C$7 -> 0.517446 | G10: =$C10*Configuration!$D$6*Configuration!$B$4+$D10*Configuration!$D$7 -> 0.122094 | H10: =$C10*Configuration!$E$6*Configuration!$B$4+$D10*Configuration!$E$7 -> 1.526175 | I10: Medium
A11: Log analysis | B11: 0.4 | C11: =F6+D8 -> 1656900 | D11: =C11*B11 -> 662760 | E11: =C11*Configuration!$B$6+D11*Configuration!$B$7 -> 8.698725 | F11: =$C11*Configuration!$C$6*Configuration!$B$4+$D11*Configuration!$C$7 -> 2.303091 | G11: =$C11*Configuration!$D$6*Configuration!$B$4+$D11*Configuration!$D$7 -> 0.480501 | H11: =$C11*Configuration!$E$6*Configuration!$B$4+$D11*Configuration!$E$7 -> 6.0062625 | I11: High
A12: Root cause analysis | B12: 0.5 | C12: =D11 -> 662760 | D12: =C12*B12 -> 331380 | E12: =C12*Configuration!$B$6+D12*Configuration!$B$7 -> 4.14225 | F12: =$C12*Configuration!$C$6*Configuration!$B$4+$D12*Configuration!$C$7 -> 1.0869264 | G12: =$C12*Configuration!$D$6*Configuration!$B$4+$D12*Configuration!$D$7 -> 0.2187108 | H12: =$C12*Configuration!$E$6*Configuration!$B$4+$D12*Configuration!$E$7 -> 2.733885 | I12: High
A13: SOP from KA | B13: 0.8 | C13: =J6+D12 -> 1531380 | D13: =C13*B13 -> 1225104 | E13: =C13*Configuration!$B$6+D13*Configuration!$B$7 -> 14.165265 | F13: =$C13*Configuration!$C$6*Configuration!$B$4+$D13*Configuration!$C$7 -> 3.6599982 | G13: =$C13*Configuration!$D$6*Configuration!$B$4+$D13*Configuration!$D$7 -> 0.689121 | H13: =$C13*Configuration!$E$6*Configuration!$B$4+$D13*Configuration!$E$7 -> 8.6140125 | I13: Medium
A14: Historical Ticket resolution | B14: 0.5 | C14: =H6*Configuration!B3 -> 3450000 | D14: =C14*B14 -> 1725000 | E14: =C14*Configuration!$B$6+D14*Configuration!$B$7 -> 21.5625 | F14: =$C14*Configuration!$C$6*Configuration!$B$4+$D14*Configuration!$C$7 -> 5.658 | G14: =$C14*Configuration!$D$6*Configuration!$B$4+$D14*Configuration!$D$7 -> 1.1385 | H14: =$C14*Configuration!$E$6*Configuration!$B$4+$D14*Configuration!$E$7 -> 14.23125 | I14: Medium
A15: Final Resoluton | B15: 1 | C15: =D13+D14 -> 2950104 | D15: =C15*B15 -> 2950104 | E15: =C15*Configuration!$B$6+D15*Configuration!$B$7 -> 33.18867 | F15: =$C15*Configuration!$C$6*Configuration!$B$4+$D15*Configuration!$C$7 -> 8.5258006 | G15: =$C15*Configuration!$D$6*Configuration!$B$4+$D15*Configuration!$D$7 -> 1.5635551 | H15: =$C15*Configuration!$E$6*Configuration!$B$4+$D15*Configuration!$E$7 -> 19.544439 | I15: High
A16: problem ticket identification | B16: 0.2 | C16: =D12 -> 331380 | D16: =C16*B16 -> 66276 | E16: =C16*Configuration!$B$6+D16*Configuration!$B$7 -> 1.076985 | F16: =$C16*Configuration!$C$6*Configuration!$B$4+$D16*Configuration!$C$7 -> 0.2949282 | G16: =$C16*Configuration!$D$6*Configuration!$B$4+$D16*Configuration!$D$7 -> 0.0695898 | H16: =$C16*Configuration!$E$6*Configuration!$B$4+$D16*Configuration!$E$7 -> 0.8698725 | I16: High
A17: Self heal Script find | B17: 0.2 | C17: =D12 -> 331380 | D17: =C17*B17 -> 66276 | E17: =C17*Configuration!$B$6+D17*Configuration!$B$7 -> 1.076985 | F17: =$C17*Configuration!$C$6*Configuration!$B$4+$D17*Configuration!$C$7 -> 0.2949282 | G17: =$C17*Configuration!$D$6*Configuration!$B$4+$D17*Configuration!$D$7 -> 0.0695898 | H17: =$C17*Configuration!$E$6*Configuration!$B$4+$D17*Configuration!$E$7 -> 0.8698725 | I17: Medium
A18: Generate clousure Summary | B18: 1.1 | C18: =D17+D16+D15+D14+D13+D12+D11+D10+D9+D8 -> 7724580 | D18: =C18*B18 -> 8497038 | E18: =C18*Configuration!$B$6+D18*Configuration!$B$7 -> 94.626105 | F18: =$C18*Configuration!$C$6*Configuration!$B$4+$D18*Configuration!$C$7 -> 24.255181 | G18: =$C18*Configuration!$D$6*Configuration!$B$4+$D18*Configuration!$D$7 -> 4.4030106 | H18: =$C18*Configuration!$E$6*Configuration!$B$4+$D18*Configuration!$E$7 -> 55.037633 | I18: Low
C19: =SUM(C8:C17) -> 12464304 | D19: =SUM(D8:D18) -> 16221618 | E19: =SUM(E8:E18) -> 187.81566 | F19: =$C19*Configuration!$C$6*Configuration!$B$4+$D19*Configuration!$C$7 -> 45.415124 | G19: =$C19*Configuration!$D$6*Configuration!$B$4+$D19*Configuration!$D$7 -> 8.1090067 | H19: =$C19*Configuration!$E$6*Configuration!$B$4+$D19*Configuration!$E$7 -> 101.36258
C20: 12464304 | D20: 16221618 | F20: =$C20*Configuration!$C$6*Configuration!$B$4+$D20*Configuration!$C$7 -> 45.415124 | G20: =$C20*Configuration!$D$6*Configuration!$B$4+$D20*Configuration!$D$7 -> 8.1090067 | H20: =$C20*Configuration!$E$6*Configuration!$B$4+$D20*Configuration!$E$7 -> 101.36258
A21: =_xlfn.CONCAT("LLM cost Per ",Configuration!$B$2," ticket using ",Configuration!B5:B5) -> LLM cost Per 1000 ticket using Gemini 2.5 Pro | B21: =_xlfn.CONCAT("$",ROUND($E$19*(1-Configuration!$B$8),2)," - $",ROUND($E$19*(1+Configuration!$B$8),2)) -> $150.25 - $225.38
B22: $150.25 - $225.38

Sheet Configuration
A1: Token word ratio | B1: 1.5
A2: Ticket Number | B2: 1000
A3: top n resolution n= | B3: 5
A4: Prompt Overhead | B4: 1.3
A5: Model | B5: Gemini 2.5 Pro | C5: Gemini 2.5 Flash | D5: Gemini 2.5 Flash-Lite | E5: Gemini 1.5 Pro
A6: Input | B6: =1.25/1000000 -> 1.25e-06 | C6: =0.3/(1000000) -> 3e-07 | D6: =0.1/(1000000) -> 1e-07 | E6: =1.25/1000000 -> 1.25e-06
A7: Output | B7: =10/1000000 -> 1e-05 | C7: =2.5/(1000000) -> 2.5e-06 | D7: =0.4/(1000000) -> 4e-07 | E7: =5/1000000 -> 5e-06
A8: deviation % | B8: 0.2

Sheet Comparison
A1: Category | B1: Gemini 2.5 Pro | C1: Gemini 2.5 Flash | D1: Gemini 2.5 Flash Lite | E1: Gemini 1.5 Pro
A2: Core Type | B2: Advanced reasoning & orchestration model | C2: Balanced reasoning + speed model | D2: Lightweight reasoning + classification engine | E2: First-gen multimodal model
A3: Reasoning Depth | B3: 🔹 Multi-step, causal & temporal reasoning (chain of thought, RCA, impact analysis) | C3: 🔹 Medium reasoning (multi-hop causal inference) | D3: ⚪ Limited reasoning (rule/heuristic-based) | E3: ⚪ Basic associative reasoning
A4: Context Window | B4: Up to 1 million tokens | C4: Up to 1 million tokens | D4: Up to 1 million tokens (optimized memory use) | E4: 128 K – 1 M tokens (depending on tier)
A5: Knowledge Handling (RAG) | B5: Native retrieval grounding + context persistence; ideal for knowledge-based RCA | C5: Supports RAG via API tools; performs well on summarization tasks | D5: RAG-lite (vector lookup, minimal reasoning layer) | E5: External RAG required
A6: Multi-Agent Coordination | B6: ✅ Full agentic orchestration (multiple reasoning threads, role-based chaining) | C6: ⚙️ Partial agent support (parallel classification + summary agents) | D6: ⚪ Minimal agentic support (sequential tasks only) | E6: ⚪ Single-flow operation
A7: Log / Event Analysis | B7: Deep semantic parsing of log data and root-cause extraction | C7: Efficient pattern recognition across large ticket/log corpora | D7: Quick keyword / pattern detection (not deep reasoning) | E7: Basic text summarization only
A8: Knowledge-Article Summarization | B8: Structured summarization + context linking | C8: Fast summarization, less structured linking | D8: Short-form, fast summaries | E8: Simple abstracts
A9: Auto-Resolution Drafting | B9: Generates RCA + step-wise fix plan | C9: Suggests fix templates | D9: One-line fix recommendation | E9: Limited
A10: Decision Confidence Scoring | B10: Built-in reasoning trace confidence + probability scoring | C10: Basic ranking scores | D10: None (deterministic) | E10: None
A11: Memory / Context Persistence | B11: Long-term session memory for ongoing incidents | C11: Mid-term context handling | D11: Stateless | E11: Short-term only
A12: Multimodal Inputs (logs, images, metrics) | B12: ✅ Full multimodal ingestion (logs, images, PDFs, traces) | C12: ⚙️ Partial multimodal (text + structured data) | D12: 🟡 Text-only optimized | E12: 🟡 Text + image basic
... A16: Agentic Stack Role | B16: “Chief Analyst” agent (deep thinking) | C16: “Coordinator” agent (task routing + summarization) | D16: “Assistant” agent (fast responders) | E16: “Helper” agent (fallback use)
